Date,Open,High,Low,Close
2023-12-29,185.95,186.0,185.0,186.0
2023-12-28,185.65,186.0,185.65,186.0
2023-12-27,187.0,187.0,186.0,186.0
2023-12-26,185.75,188.0,185.0,187.0
2023-12-25,184.5,185.1,184.35,185.1
2023-12-22,186.9,186.9,183.5,185.0
2023-12-21,186.0,188.5,186.0,187.0
2023-12-20,183.6,186.95,183.5,186.0
2023-12-19,185.0,185.45,183.05,185.0
2023-12-18,185.5,187.5,185.0,185.15
2023-12-15,184.35,186.95,183.55,185.1
2023-12-14,184.0,184.1,182.2,184.1
2023-12-13,179.0,184.95,179.0,183.3
2023-12-12,177.0,179.0,176.7,179.0
2023-12-11,179.0,179.9,176.3,176.3
2023-12-08,175.2,179.0,175.2,179.0
2023-12-07,176.9,179.0,176.9,177.0
2023-12-06,176.5,178.0,176.5,176.9
2023-12-05,175.1,179.0,175.1,177.8
2023-12-04,173.6,175.9,173.6,175.1
2023-12-01,178.0,178.5,176.1,177.0
2023-11-30,176.75,180.7,176.75,179.0
2023-11-29,172.0,174.0,172.0,172.65
2023-11-28,174.95,175.0,170.1,173.0
2023-11-27,177.85,177.85,173.15,173.8
2023-11-24,177.9,177.9,175.0,175.0
2023-11-23,177.95,177.95,176.0,177.8
2023-11-22,178.5,178.5,175.0,177.0
2023-11-21,177.95,180.0,177.6,179.0
2023-11-20,176.05,178.9,176.05,178.9
2023-11-17,175.5,177.0,174.0,177.0
2023-11-16,174.0,177.0,174.0,175.85
2023-11-15,173.7,176.0,173.7,175.0
2023-11-14,173.3,177.0,173.3,175.9
2023-11-13,175.0,175.5,175.0,175.0
2023-11-10,173.5,175.0,173.0,175.0
2023-11-09,173.5,174.9,173.1,174.9
2023-11-08,174.6,174.9,173.0,174.8
2023-11-07,175.0,175.0,172.5,174.5
2023-11-03,172.1,175.6,172.0,175.0
2023-11-02,170.75,172.8,170.75,172.0
2023-11-01,170.1,173.0,170.1,173.0
2023-10-31,171.7,171.7,170.05,171.0
2023-10-30,172.0,172.0,170.0,171.5
2023-10-27,168.0,173.0,166.2,173.0
2023-10-26,171.0,171.95,168.0,170.0
2023-10-25,170.65,172.5,170.65,171.5
2023-10-24,172.0,173.0,170.0,171.0
2023-10-23,172.3,174.0,171.05,172.0
2023-10-20,175.0,175.0,171.55,174.0
2023-10-19,177.0,177.0,173.0,175.0
2023-10-18,174.9,177.0,173.0,176.0
2023-10-17,177.0,177.0,170.0,170.0
2023-10-16,176.95,179.0,176.1,176.9
2023-10-13,174.0,177.0,174.0,175.25
2023-10-12,174.95,174.95,172.5,172.9
2023-10-11,171.2,177.0,171.2,172.55
2023-10-10,162.75,172.0,162.55,170.15
2023-10-09,160.0,162.0,159.2,160.2
2023-10-06,164.0,164.0,156.1,159.95
2023-10-05,155.8,155.8,155.8,155.8
2023-10-04,148.2,150.0,145.0,147.0
2023-10-03,152.9,153.5,150.0,150.0
2023-10-02,153.05,155.0,153.0,154.4
2023-09-27,157.35,157.35,152.6,153.0
2023-09-26,150.0,150.0,148.05,150.0
2023-09-25,150.0,151.5,149.05,150.0
2023-09-22,148.9,150.0,147.0,150.0
2023-09-21,146.05,149.3,145.1,149.0
2023-09-20,148.0,149.3,146.3,148.5
2023-09-19,145.0,148.0,145.0,148.0
2023-09-18,145.15,148.35,144.6,148.0
2023-09-15,147.0,149.0,144.0,149.0
2023-09-14,148.0,148.0,143.0,146.95
2023-09-13,149.9,149.9,146.0,146.0
2023-09-12,148.0,150.0,147.05,149.0
2023-09-11,144.0,151.9,144.0,149.0
2023-09-08,146.0,148.0,143.0,148.0
2023-09-07,143.9,145.0,140.2,145.0
2023-09-06,140.05,144.0,140.05,144.0
2023-09-05,140.8,142.25,140.0,141.5
2023-09-04,141.0,142.8,140.4,140.65
2023-09-01,144.0,144.0,140.0,142.8
2023-08-31,144.0,145.0,143.7,144.5
2023-08-30,146.9,146.9,144.0,146.0
2023-08-29,139.25,146.0,139.0,144.8
2023-08-28,140.7,143.0,140.0,141.9
2023-08-25,145.95,145.95,142.0,142.0
2023-08-24,145.1,145.95,142.5,145.9
2023-08-23,146.0,146.0,145.1,145.1
2023-08-22,147.9,147.9,143.0,147.85
2023-08-18,145.8,148.5,143.1,148.5
2023-08-17,147.0,147.0,146.0,147.0
2023-08-16,148.95,148.95,147.0,147.0
2023-08-15,148.0,149.0,147.0,147.0
2023-08-11,146.1,149.0,146.1,149.0
2023-08-10,147.0,148.5,146.05,148.0
2023-08-09,146.8,149.0,146.0,148.45
2023-08-08,146.5,148.7,146.5,148.65
2023-08-07,146.7,147.0,146.1,147.0
2023-08-04,146.6,149.0,146.5,146.7
2023-08-03,148.2,149.0,147.05,147.3
2023-08-02,148.2,151.0,148.2,150.0
2023-08-01,149.1,151.25,149.0,149.05
2023-07-31,152.0,152.0,148.8,151.4
2023-07-28,152.0,152.85,149.1,152.0
2023-07-27,149.9,151.95,149.0,151.0
2023-07-26,150.0,150.0,148.55,149.9
2023-07-25,150.0,150.0,146.1,148.55
2023-07-24,153.0,153.0,152.0,152.1
2023-07-21,152.2,152.9,151.0,152.9
2023-07-20,150.0,152.0,150.0,152.0
2023-07-18,150.0,151.7,149.0,151.6
2023-07-17,150.1,152.2,148.4,150.0
2023-07-14,150.0,152.0,148.1,152.0
2023-07-13,149.7,151.4,147.55,151.0
2023-07-12,146.25,149.9,146.25,149.9
2023-07-11,146.5,148.9,146.0,148.0
2023-07-10,146.7,149.45,146.7,148.95
2023-07-07,149.0,149.0,148.5,149.0
2023-07-06,146.0,149.0,146.0,148.9
2023-07-05,146.0,149.0,145.0,147.8
2023-07-04,148.0,151.0,146.2,147.0
2023-07-03,145.0,148.0,145.0,147.95
2023-06-28,146.9,146.9,144.8,146.5
2023-06-27,146.9,148.75,145.0,146.9
2023-06-26,147.5,150.0,140.0,146.9
2023-06-23,151.95,151.95,148.0,148.0
2023-06-22,152.0,152.9,148.0,151.95
2023-06-21,150.0,154.0,149.1,150.0
2023-06-20,150.0,156.0,149.1,151.0
2023-06-19,151.0,152.0,148.0,150.8
2023-06-16,139.95,147.3,139.95,147.3
2023-06-15,134.95,140.0,134.95,139.0
2023-06-14,134.0,136.95,134.0,136.95
2023-06-13,136.6,138.5,134.0,135.0
2023-06-12,136.8,138.5,136.05,138.5
2023-06-09,138.5,138.9,137.0,138.5
2023-06-08,137.0,138.0,136.7,137.95
2023-06-07,137.2,138.85,137.2,138.0
2023-06-06,137.55,138.85,137.5,138.0
2023-06-05,136.55,139.0,136.55,138.75
2023-06-02,137.95,138.95,136.2,138.95
2023-06-01,139.0,139.0,135.0,138.5
2023-05-31,140.1,140.9,137.4,138.0
2023-05-30,137.55,141.0,137.55,140.0
2023-05-29,138.0,138.0,136.85,138.0
2023-05-26,135.1,138.0,135.0,137.6
2023-05-25,136.75,137.8,136.2,136.2
2023-05-24,136.6,137.95,136.6,137.95
2023-05-23,136.5,138.0,136.5,137.8
2023-05-22,137.1,138.0,137.1,137.2
2023-05-19,137.15,137.9,137.05,137.9
2023-05-18,138.0,138.8,137.05,137.95
2023-05-17,137.4,141.0,137.1,139.8
2023-05-16,134.1,136.05,134.0,136.05
2023-05-15,132.1,136.0,132.1,135.0
2023-05-12,133.0,134.85,133.0,134.85
2023-05-11,132.4,135.45,131.15,134.8
2023-05-10,133.5,135.45,132.05,133.4
2023-05-09,134.5,135.95,133.35,135.7
2023-05-08,134.5,136.0,133.35,135.9
2023-05-05,135.9,136.0,133.0,136.0
2023-05-04,130.2,136.0,130.2,136.0
2023-05-03,131.3,135.0,131.0,134.0
2023-05-02,133.05,137.0,133.05,135.0
2023-04-28,135.5,137.95,132.0,137.95
2023-04-27,127.0,133.55,125.5,133.55
2023-04-26,127.6,127.8,126.0,126.0
2023-04-25,127.0,128.0,126.0,127.75
2023-04-21,125.0,125.5,122.0,124.8
2023-04-20,121.5,124.8,121.5,124.8
2023-04-19,121.0,123.85,120.95,123.7
2023-04-18,124.45,124.45,121.0,121.0
2023-04-17,125.0,125.0,121.3,121.3
2023-04-14,122.0,125.0,122.0,125.0
2023-04-13,122.9,124.0,122.5,123.0
2023-04-12,122.2,123.0,118.75,123.0
2023-04-11,123.0,123.0,122.1,122.1
2023-04-10,122.0,123.9,122.0,122.0
2023-04-07,122.0,124.0,122.0,124.0
2023-04-06,123.0,123.0,122.5,123.0
2023-04-05,123.45,123.6,123.45,123.5
2023-04-04,123.0,123.0,123.0,123.0
2023-04-03,123.0,123.0,122.0,122.0
2023-03-31,124.0,124.0,121.6,123.95
2023-03-30,123.0,125.0,121.95,123.0
2023-03-29,124.1,124.8,123.0,123.9
2023-03-28,122.0,123.45,120.0,122.0
2023-03-24,123.75,124.0,121.2,124.0
2023-03-23,122.0,123.95,121.0,121.1
2023-03-22,124.15,124.2,123.9,123.9
2023-03-21,122.0,124.1,122.0,124.1
2023-03-20,124.35,124.35,121.0,124.35
2023-03-17,124.35,124.45,122.0,124.0
2023-03-16,123.0,125.2,123.0,125.2
2023-03-15,125.0,125.5,120.0,122.0
2023-03-14,124.0,125.5,122.0,124.5
2023-03-13,125.0,125.95,124.0,125.4
2023-03-10,123.3,125.0,123.0,125.0
2023-03-09,121.05,123.5,118.4,122.0
2023-03-08,125.6,125.8,122.0,125.75
2023-03-07,125.9,125.9,122.45,124.85
2023-03-06,123.55,126.9,122.1,126.2
2023-03-03,127.3,127.3,123.0,126.95
2023-03-02,127.55,127.55,124.0,127.35
2023-03-01,127.0,128.4,125.1,127.7
2023-02-28,124.0,128.5,124.0,127.8
2023-02-27,125.95,125.95,125.9,125.9
2023-02-24,122.2,126.5,122.2,125.0
2023-02-23,122.0,125.45,122.0,125.4
2023-02-22,124.05,125.9,122.2,124.05
2023-02-21,126.9,127.0,123.65,124.3
2023-02-20,125.7,129.0,123.35,125.3
2023-02-17,123.0,127.0,123.0,127.0
2023-02-16,121.4,123.0,118.1,123.0
2023-02-15,120.0,122.0,118.0,121.5
2023-02-14,117.1,122.9,117.1,122.0
2023-02-13,122.7,123.0,120.0,122.95
2023-02-10,118.0,123.0,118.0,122.7
2023-02-09,118.95,119.85,116.05,119.85
2023-02-08,117.0,119.8,117.0,118.95
2023-02-07,119.9,119.9,117.25,119.75
2023-02-06,120.0,120.0,116.05,119.1
2023-02-03,117.5,119.95,114.0,119.95
2023-02-02,115.0,117.45,115.0,116.4
2023-02-01,116.0,116.0,115.95,116.0
2023-01-31,115.0,117.9,111.6,113.0
2023-01-30,117.95,118.0,115.5,117.85
2023-01-27,117.85,117.85,115.1,117.8
2023-01-26,116.15,118.0,115.0,117.0
2023-01-25,116.0,118.45,116.0,118.0
2023-01-24,115.75,119.0,115.65,118.45
2023-01-23,115.1,119.0,115.0,118.05
2023-01-20,119.5,119.5,115.0,119.0
2023-01-19,119.0,119.0,118.9,118.9
2023-01-18,116.55,118.95,114.0,118.9
2023-01-17,119.95,119.95,116.5,116.55
2023-01-16,120.0,120.0,117.5,118.0
2023-01-13,119.45,119.45,114.05,119.45
2023-01-12,120.0,120.0,116.45,119.8
2023-01-10,112.0,120.0,110.0,120.0
2023-01-09,114.95,114.95,110.0,113.9
2023-01-06,114.9,116.5,110.0,110.0
2023-01-05,117.55,120.0,111.0,111.0
2023-01-04,118.2,120.6,117.5,117.5
2023-01-03,123.0,123.0,117.5,121.0
2023-01-02,122.5,123.95,119.1,123.95
2022-12-30,124.05,126.95,122.25,125.0
2022-12-29,124.0,130.0,124.0,130.0
2022-12-28,119.5,125.0,117.2,125.0
2022-12-27,119.8,119.8,119.0,119.5
2022-12-26,122.85,122.85,120.0,121.8
2022-12-23,119.5,120.0,116.0,120.0
2022-12-22,119.0,119.9,116.85,119.2
2022-12-21,120.0,120.0,115.45,119.9
2022-12-20,120.0,120.0,119.0,120.0
2022-12-19,119.95,120.0,117.5,119.05
2022-12-16,119.4,122.95,119.2,120.0
2022-12-15,124.9,124.9,120.0,120.0
2022-12-14,122.05,124.0,122.05,124.0
2022-12-13,126.0,126.0,122.0,122.0
2022-12-12,126.0,126.0,126.0,126.0
2022-12-09,127.95,127.95,123.0,125.0
2022-12-08,125.0,128.5,125.0,127.75
2022-12-07,124.95,125.95,124.95,125.0
2022-12-06,123.0,125.0,119.0,124.45
2022-12-05,118.5,123.95,118.5,122.0
2022-12-02,119.95,123.0,116.5,123.0
2022-12-01,117.5,119.95,117.5,119.9
2022-11-30,120.0,120.0,116.1,119.0
2022-11-29,123.0,123.0,120.0,120.0
2022-11-28,121.0,123.0,121.0,123.0
2022-11-25,120.45,124.0,120.0,123.85
2022-11-24,126.85,126.85,120.0,124.0
2022-11-23,124.7,125.0,120.1,120.1
2022-11-22,122.0,122.0,120.0,120.0
2022-11-21,118.8,122.0,116.0,122.0
2022-11-17,120.0,120.0,118.0,119.9
2022-11-16,116.0,120.0,115.0,120.0
2022-11-15,120.0,120.0,117.35,119.0
2022-11-14,117.0,118.0,112.2,115.0
2022-11-11,120.0,120.0,115.0,115.0
2022-11-10,120.05,122.0,118.0,118.0
2022-11-09,121.0,121.95,121.0,121.95
2022-11-08,122.4,122.4,121.2,121.25
2022-11-07,122.3,123.0,122.3,123.0
2022-11-04,125.0,126.95,121.5,126.95
2022-11-03,122.15,127.0,122.0,127.0
2022-11-02,122.7,123.95,122.0,123.95
2022-11-01,125.0,126.95,122.1,123.0
2022-10-31,123.55,126.0,123.5,125.0
2022-10-28,124.3,127.0,121.25,127.0
2022-10-27,124.3,124.3,124.3,124.3
2022-10-26,125.0,125.0,122.0,124.5
2022-10-25,124.0,127.7,124.0,124.5
2022-10-24,120.2,124.0,120.2,124.0
2022-10-21,120.0,125.9,120.0,125.9
2022-10-20,128.0,128.0,122.0,122.0
2022-10-19,126.2,128.7,125.1,126.0
2022-10-18,128.5,129.0,128.0,128.0
2022-10-17,129.3,130.0,128.0,128.5
2022-10-14,130.0,131.95,129.8,130.0
2022-10-13,130.0,132.0,129.95,132.0
2022-10-12,133.5,134.0,129.0,133.8
2022-10-11,133.0,133.0,131.6,133.0
2022-10-07,132.0,134.0,131.7,133.0
2022-10-06,131.15,135.0,131.15,132.1
2022-10-05,132.1,135.9,132.1,133.0
2022-10-04,131.1,137.0,131.1,136.0
2022-10-03,135.0,135.9,130.5,131.2
2022-09-30,131.0,137.0,131.0,135.0
2022-09-29,137.55,137.75,134.0,135.0
2022-09-28,131.0,134.85,128.6,130.0
2022-09-27,135.9,135.9,130.0,133.0
2022-09-26,136.5,136.5,135.3,136.0
2022-09-23,138.95,138.95,136.5,136.5
2022-09-22,136.0,138.95,135.0,138.95
2022-09-21,135.2,136.0,134.5,136.0
2022-09-20,136.2,136.6,135.05,136.6
2022-09-19,136.0,138.0,136.0,136.2
2022-09-16,136.5,138.0,135.3,138.0
2022-09-15,136.1,136.15,135.45,136.1
2022-09-14,135.6,137.0,135.6,136.1
2022-09-13,137.0,137.0,136.0,136.0
2022-09-12,137.0,137.0,136.0,136.5
2022-09-09,137.0,137.0,136.25,136.5
2022-09-08,137.1,138.85,136.25,137.0
2022-09-07,138.95,138.95,136.3,137.0
2022-09-06,137.05,139.3,136.25,136.6
2022-09-05,135.75,139.4,135.75,138.0
2022-09-02,135.0,138.0,135.0,137.0
2022-09-01,134.1,137.9,134.05,134.5
2022-08-31,138.0,139.5,135.05,135.05
2022-08-30,135.1,136.0,135.1,135.5
2022-08-29,135.55,137.0,135.0,136.95
2022-08-26,137.85,137.85,135.25,137.0
2022-08-25,138.0,138.0,135.55,137.95
2022-08-24,137.2,138.9,135.2,137.95
2022-08-23,138.0,138.9,137.0,138.9
2022-08-22,139.9,140.0,139.0,139.0
2022-08-19,139.0,139.8,138.0,139.7
2022-08-18,139.5,139.5,137.75,139.3
2022-08-17,136.0,139.3,136.0,139.3
2022-08-16,136.0,136.0,135.0,135.0
2022-08-15,137.0,137.0,135.15,135.15
2022-08-12,138.0,138.0,135.0,135.0
2022-08-11,134.95,136.5,134.95,136.5
2022-08-10,132.65,136.3,132.65,133.1
2022-08-09,132.0,134.8,132.0,134.8
2022-08-08,132.8,135.0,132.8,135.0
2022-08-05,133.95,135.0,133.95,135.0
2022-08-04,132.5,135.0,132.5,134.85
2022-08-03,137.5,137.5,133.4,134.25
2022-08-02,137.45,137.45,133.0,136.9
2022-08-01,137.9,137.9,133.5,134.0
2022-07-29,137.95,138.0,136.0,136.0
2022-07-28,138.55,138.55,136.0,137.9
2022-07-27,138.0,138.0,137.95,138.0
2022-07-26,135.0,138.8,132.15,138.7
2022-07-25,137.5,138.0,133.0,135.0
2022-07-22,132.05,137.8,132.0,132.0
2022-07-21,135.0,139.0,135.0,135.0
2022-07-20,140.0,140.0,137.0,138.95
2022-07-19,132.1,140.0,132.1,139.9
2022-07-18,129.9,135.0,129.9,135.0
2022-07-15,128.0,129.95,127.6,129.95
2022-07-14,127.5,130.0,127.5,128.0
2022-07-13,128.35,130.0,127.5,129.95
2022-07-12,128.4,128.4,126.0,128.35
2022-07-08,127.9,128.4,125.05,128.0
2022-07-07,124.6,128.0,124.6,126.2
2022-07-06,124.0,128.0,124.0,128.0
2022-07-05,124.1,129.95,124.1,129.7
2022-07-04,124.05,127.35,122.0,124.95
2022-07-01,133.1,133.1,126.2,126.2
2022-06-30,136.0,136.0,133.0,133.0
2022-06-29,133.1,137.0,133.1,136.0
2022-06-28,133.1,138.0,133.0,138.0
2022-06-27,138.0,138.95,131.0,133.1
2022-06-24,136.25,139.0,134.0,139.0
2022-06-23,138.0,138.2,137.0,137.0
2022-06-22,139.5,140.0,138.0,138.0
2022-06-21,138.5,145.0,137.0,140.0
2022-06-20,137.1,141.75,137.1,138.0
2022-06-17,138.05,141.0,138.0,138.0
2022-06-16,138.05,140.0,138.05,140.0
2022-06-15,138.0,142.0,136.1,140.0
2022-06-14,143.0,144.95,138.1,138.1
2022-06-13,145.0,145.0,142.7,143.0
2022-06-10,144.05,144.35,143.05,143.05
2022-06-09,147.0,148.95,142.5,145.0
2022-06-08,148.0,150.0,147.0,147.0
2022-06-07,148.0,150.0,147.0,148.0
2022-06-06,147.0,148.95,146.65,148.9
2022-06-03,147.5,147.5,145.7,146.95
2022-06-02,147.0,148.5,145.0,145.7
2022-06-01,145.55,151.85,145.5,148.5
2022-05-31,142.9,151.55,142.0,146.0
2022-05-30,143.0,145.75,141.05,143.0
2022-05-27,146.7,147.5,141.5,142.1
2022-05-26,146.15,148.95,146.15,146.6
2022-05-25,149.0,149.0,146.0,149.0
2022-05-24,153.2,154.0,145.7,150.0
2022-05-23,155.0,156.4,153.05,154.95
2022-05-20,155.2,156.95,155.0,155.0
2022-05-19,156.0,158.95,155.6,156.0
2022-05-18,156.1,158.0,156.0,156.0
2022-05-17,157.5,158.0,156.0,157.0
2022-05-16,155.5,159.0,155.5,157.5
2022-05-13,156.0,159.8,156.0,159.65
2022-05-12,158.3,158.5,156.45,156.45
2022-05-11,154.5,159.7,154.5,158.25
2022-05-10,160.0,160.0,157.0,159.9
2022-05-09,160.0,161.85,158.4,161.0
2022-05-06,159.0,160.0,158.5,160.0
2022-05-05,159.05,161.0,159.0,160.0
2022-05-04,160.0,161.9,159.0,160.0
2022-04-29,161.85,162.0,159.25,160.0
2022-04-28,162.0,162.95,160.5,162.0
2022-04-27,160.0,163.0,160.0,163.0
2022-04-26,161.0,161.8,160.0,160.0
2022-04-25,161.0,161.95,160.0,161.95
2022-04-22,162.5,162.5,160.5,161.95
2022-04-21,165.0,165.95,163.0,163.0
2022-04-20,165.0,165.9,163.95,163.95
2022-04-19,166.0,166.0,165.0,165.0
2022-04-18,166.0,170.0,165.0,165.0
2022-04-15,167.15,168.3,165.6,167.5
2022-04-14,169.0,170.0,165.2,169.95
2022-04-13,171.95,171.95,167.0,169.85
2022-04-12,163.5,172.75,163.5,171.95
2022-04-11,162.55,164.0,162.55,163.0
2022-04-08,162.1,162.9,162.1,162.9
2022-04-07,160.25,162.5,160.25,162.0
2022-04-06,160.0,162.0,158.25,162.0
2022-04-05,158.15,160.0,158.15,160.0
2022-04-04,158.15,160.0,158.15,158.5
2022-04-01,159.25,161.0,159.25,160.0
2022-03-31,161.9,161.9,158.7,159.25
2022-03-30,162.0,162.0,159.0,162.0
2022-03-29,159.2,162.0,158.3,162.0
2022-03-28,160.0,162.0,158.0,161.5
2022-03-25,155.1,159.9,155.1,158.1
2022-03-24,159.0,159.95,157.0,157.0
2022-03-23,167.0,167.0,158.9,158.9
2022-03-22,169.0,170.0,166.15,166.15
2022-03-21,169.6,171.0,169.0,170.8
2022-03-18,168.6,171.9,168.3,169.5
2022-03-17,167.0,172.5,166.0,172.0
2022-03-16,165.0,167.5,165.0,167.35
2022-03-15,162.05,167.9,162.05,167.0
2022-03-14,161.0,166.9,161.0,162.15
2022-03-11,167.9,168.0,158.0,164.5
2022-03-10,169.0,172.0,165.0,165.0
2022-03-09,169.0,174.0,168.5,168.5
2022-03-08,160.0,168.5,160.0,168.5
2022-03-07,160.0,160.0,150.5,159.0
2022-03-04,161.0,165.0,160.05,160.1
2022-03-03,165.0,167.0,160.1,165.0
2022-03-02,171.0,172.0,166.85,168.0
2022-03-01,173.1,174.9,171.0,171.0
2022-02-28,178.5,178.5,175.0,175.0
2022-02-25,170.0,178.95,170.0,178.0
2022-02-24,180.0,182.0,170.15,170.15
2022-02-23,178.1,182.0,178.0,181.0
2022-02-22,183.85,183.85,178.1,179.0
2022-02-21,184.75,185.5,184.0,184.0
2022-02-18,185.5,186.05,185.05,186.0
2022-02-17,184.5,187.0,184.5,186.05
2022-02-16,185.0,185.6,184.55,185.0
2022-02-15,184.0,185.5,184.0,185.5
2022-02-14,187.25,187.9,184.05,184.05
2022-02-11,189.1,190.7,188.2,189.0
2022-02-10,188.5,190.9,186.65,190.05
2022-02-09,188.5,188.5,186.25,188.0
2022-02-08,190.0,190.0,186.05,188.5
2022-02-07,182.7,191.0,181.5,190.0
2022-02-04,183.15,185.9,182.7,182.7
2022-02-03,185.9,185.9,180.6,185.0
2022-02-02,180.65,185.5,180.4,183.65
2022-02-01,180.0,181.85,180.0,181.1
2022-01-31,183.0,183.0,180.0,180.0
2022-01-28,184.0,184.9,180.75,183.0
2022-01-27,181.5,183.5,181.5,183.0
2022-01-26,179.0,183.9,179.0,181.15
2022-01-25,184.65,184.65,178.0,179.05
2022-01-24,184.6,186.0,184.5,185.0
2022-01-21,188.0,189.0,186.05,186.05
2022-01-20,188.0,191.95,187.5,189.0
2022-01-19,183.0,189.0,183.0,187.05
2022-01-18,180.45,182.95,180.45,182.0
2022-01-17,179.0,180.9,178.5,180.2
2022-01-14,178.1,181.0,178.1,180.0
2022-01-13,176.5,180.75,176.5,178.1
2022-01-12,171.5,177.0,171.25,177.0
2022-01-10,169.0,171.0,168.7,171.0
2022-01-07,167.05,170.1,166.0,169.9
2022-01-06,168.2,169.9,168.0,168.0
2022-01-05,170.1,170.15,168.0,168.5
2022-01-04,170.05,170.5,170.05,170.15
2022-01-03,170.05,170.5,170.05,170.1
2021-12-31,170.1,171.7,170.1,170.4
2021-12-30,170.2,171.0,170.2,170.35
2021-12-29,168.3,171.0,168.3,170.1
2021-12-28,167.2,168.95,167.2,168.3
2021-12-27,166.5,168.0,166.35,168.0
2021-12-24,167.0,169.1,166.55,168.0
2021-12-23,166.1,168.0,165.5,168.0
2021-12-22,164.0,171.0,163.2,168.05
2021-12-21,164.0,165.0,160.0,163.05
2021-12-20,180.9,180.9,164.5,165.5
2021-12-17,164.5,164.5,164.5,164.5
