Company,MAE,RMSE,MAPE,R²,Correlation,Training Time (s)
Attijariwafa Bank,0.08781338483095169,0.1062392068037062,35.12829,0.9678313732147217,0.9884291110235266,21.704017877578735
BCP,0.1141122579574585,0.14709901922143404,18.059952,0.9289066195487976,0.9715009991753943,21.31297016143799
Bmce Bank,0.17901578545570374,0.2821529516825191,11.433753,0.8525044918060303,0.9617422448151468,20.307634115219116
Ciments Du Maroc,0.05403978005051613,0.07751651971916189,19.408945,0.9884677529335022,0.9942949258387385,17.61979627609253
Itissalat Al-Maghrib,0.08181346207857132,0.09718100302221587,11.330656,0.8589166402816772,0.9878443008441204,20.64359426498413
LafargeHolcim Maroc,0.060290802270174026,0.08519954444819852,44.197445,0.9867620468139648,0.9940461004000402,19.317983150482178
Managem,0.025204775854945183,0.03759859133461715,8.043154,0.9948623776435852,0.9975155299539736,19.404475450515747
Societe d'Exploitation des Ports,0.12858344614505768,0.14509766654028544,11.353237,0.6141024827957153,0.9882856667634907,21.12921643257141
Taqa Morocco SA,0.07292492687702179,0.09891487148036349,204.11923,0.9774894118309021,0.9922109014323117,18.758562803268433
Travaux Generaux De Construction,0.09959212690591812,0.14122085035255882,9.360389,0.9070234298706055,0.9551002541141633,9.582976341247559
